{"v":"5.5.10","fr":30,"ip":0,"op":57,"w":120,"h":120,"nm":"bookmark","ddd":0,"assets":[],"layers":[{"ddd":0,"ind":1,"ty":4,"nm":"Circle 8","sr":1,"ks":{"o":{"a":1,"k":[{"i":{"x":[0.833],"y":[0.833]},"o":{"x":[0.167],"y":[0.167]},"t":15,"s":[0]},{"i":{"x":[0.833],"y":[0.833]},"o":{"x":[0.167],"y":[0.167]},"t":16,"s":[100]},{"i":{"x":[0.833],"y":[0.833]},"o":{"x":[0.167],"y":[0.167]},"t":37.5,"s":[100]},{"t":38,"s":[0]}],"ix":11},"r":{"a":0,"k":0,"ix":10},"p":{"a":1,"k":[{"i":{"x":0.833,"y":0.833},"o":{"x":0.167,"y":0.167},"t":16,"s":[39.192,81.192,0],"to":[-2.417,5.167,0],"ti":[2.417,-5.167,0]},{"t":33.5,"s":[24.692,112.192,0]}],"ix":2,"x":"var $bm_rt;\nfunction easeandwizz_outQuart(t, b, c, d) {\n    return $bm_sum($bm_mul($bm_neg(c), $bm_sub($bm_mul($bm_mul($bm_mul(t = t / d - 1, t), t), t), 1)), b);\n}\nfunction easeAndWizz() {\n    var t, d, sX, eX;\n    var n = 0;\n    if (numKeys > 0) {\n        n = nearestKey(time).index;\n        if (key(n).time > time) {\n            n--;\n        }\n    }\n    try {\n        var key1 = key(n);\n        var key2 = key($bm_sum(n, 1));\n    } catch (e) {\n        return null;\n    }\n    t = $bm_sub(time, key1.time);\n    d = $bm_sub(key2.time, key1.time);\n    sX = key1.time;\n    eX = $bm_sub(key2.time, key1.time);\n    if (time < key1.time || time > key2.time) {\n        return null;\n    } else {\n        return valueAtTime(easeandwizz_outQuart(t, sX, eX, d));\n    }\n}\n$bm_rt = easeAndWizz() || value;"},"a":{"a":0,"k":[42.692,12.692,0],"ix":1},"s":{"a":1,"k":[{"i":{"x":[0.833,0.833,0.833],"y":[0.833,0.833,0.833]},"o":{"x":[0.167,0.167,0.167],"y":[0.167,0.167,0.167]},"t":25,"s":[42.928,42.928,100]},{"t":32,"s":[0,0,100]}],"ix":6}},"ao":0,"shapes":[{"ty":"gr","it":[{"d":1,"ty":"el","s":{"a":0,"k":[7.885,7.885],"ix":2},"p":{"a":0,"k":[0,0],"ix":3},"nm":"Ellipse Path 1","mn":"ADBE Vector Shape - Ellipse","hd":false},{"ty":"fl","c":{"a":0,"k":[0.447058853449,0.447058853449,0.827451040231,1],"ix":4},"o":{"a":0,"k":100,"ix":5},"r":1,"bm":0,"nm":"Fill 1","mn":"ADBE Vector Graphic - Fill","hd":false},{"ty":"tr","p":{"a":0,"k":[42.692,12.692],"ix":2},"a":{"a":0,"k":[0,0],"ix":1},"s":{"a":0,"k":[100,100],"ix":3},"r":{"a":0,"k":0,"ix":6},"o":{"a":0,"k":100,"ix":7},"sk":{"a":0,"k":0,"ix":4},"sa":{"a":0,"k":0,"ix":5},"nm":"Transform"}],"nm":"Ellipse 1","np":3,"cix":2,"bm":0,"ix":1,"mn":"ADBE Vector Group","hd":false}],"ip":0,"op":1920,"st":0,"bm":0},{"ddd":0,"ind":2,"ty":4,"nm":"Circle 7","sr":1,"ks":{"o":{"a":1,"k":[{"i":{"x":[0.833],"y":[0.833]},"o":{"x":[0.167],"y":[0.167]},"t":15,"s":[0]},{"i":{"x":[0.833],"y":[0.833]},"o":{"x":[0.167],"y":[0.167]},"t":16,"s":[100]},{"i":{"x":[0.833],"y":[0.833]},"o":{"x":[0.167],"y":[0.167]},"t":37.5,"s":[100]},{"t":38,"s":[0]}],"ix":11},"r":{"a":0,"k":0,"ix":10},"p":{"a":1,"k":[{"i":{"x":0.833,"y":0.833},"o":{"x":0.167,"y":0.167},"t":16,"s":[86.692,79.692,0],"to":[3.583,1.5,0],"ti":[-3.583,-1.5,0]},{"t":33.5,"s":[108.192,88.692,0]}],"ix":2,"x":"var $bm_rt;\nfunction easeandwizz_outQuart(t, b, c, d) {\n    return $bm_sum($bm_mul($bm_neg(c), $bm_sub($bm_mul($bm_mul($bm_mul(t = t / d - 1, t), t), t), 1)), b);\n}\nfunction easeAndWizz() {\n    var t, d, sX, eX;\n    var n = 0;\n    if (numKeys > 0) {\n        n = nearestKey(time).index;\n        if (key(n).time > time) {\n            n--;\n        }\n    }\n    try {\n        var key1 = key(n);\n        var key2 = key($bm_sum(n, 1));\n    } catch (e) {\n        return null;\n    }\n    t = $bm_sub(time, key1.time);\n    d = $bm_sub(key2.time, key1.time);\n    sX = key1.time;\n    eX = $bm_sub(key2.time, key1.time);\n    if (time < key1.time || time > key2.time) {\n        return null;\n    } else {\n        return valueAtTime(easeandwizz_outQuart(t, sX, eX, d));\n    }\n}\n$bm_rt = easeAndWizz() || value;"},"a":{"a":0,"k":[42.692,12.692,0],"ix":1},"s":{"a":1,"k":[{"i":{"x":[0.833,0.833,0.833],"y":[0.833,0.833,0.833]},"o":{"x":[0.167,0.167,0.167],"y":[0.167,0.167,0.167]},"t":25,"s":[74.635,74.635,100]},{"t":32,"s":[0,0,100]}],"ix":6}},"ao":0,"shapes":[{"ty":"gr","it":[{"d":1,"ty":"el","s":{"a":0,"k":[7.885,7.885],"ix":2},"p":{"a":0,"k":[0,0],"ix":3},"nm":"Ellipse Path 1","mn":"ADBE Vector Shape - Ellipse","hd":false},{"ty":"fl","c":{"a":0,"k":[0.447058853449,0.447058853449,0.827451040231,1],"ix":4},"o":{"a":0,"k":100,"ix":5},"r":1,"bm":0,"nm":"Fill 1","mn":"ADBE Vector Graphic - Fill","hd":false},{"ty":"tr","p":{"a":0,"k":[42.692,12.692],"ix":2},"a":{"a":0,"k":[0,0],"ix":1},"s":{"a":0,"k":[100,100],"ix":3},"r":{"a":0,"k":0,"ix":6},"o":{"a":0,"k":100,"ix":7},"sk":{"a":0,"k":0,"ix":4},"sa":{"a":0,"k":0,"ix":5},"nm":"Transform"}],"nm":"Ellipse 1","np":3,"cix":2,"bm":0,"ix":1,"mn":"ADBE Vector Group","hd":false}],"ip":0,"op":1920,"st":0,"bm":0},{"ddd":0,"ind":3,"ty":4,"nm":"Circle 6","sr":1,"ks":{"o":{"a":1,"k":[{"i":{"x":[0.833],"y":[0.833]},"o":{"x":[0.167],"y":[0.167]},"t":15,"s":[0]},{"i":{"x":[0.833],"y":[0.833]},"o":{"x":[0.167],"y":[0.167]},"t":16,"s":[100]},{"i":{"x":[0.833],"y":[0.833]},"o":{"x":[0.167],"y":[0.167]},"t":37.5,"s":[100]},{"t":38,"s":[0]}],"ix":11},"r":{"a":0,"k":0,"ix":10},"p":{"a":1,"k":[{"i":{"x":0.833,"y":0.833},"o":{"x":0.167,"y":0.167},"t":16,"s":[83.192,37.192,0],"to":[3.417,-0.083,0],"ti":[-3.417,0.083,0]},{"t":33.5,"s":[103.692,36.692,0]}],"ix":2,"x":"var $bm_rt;\nfunction easeandwizz_outQuart(t, b, c, d) {\n    return $bm_sum($bm_mul($bm_neg(c), $bm_sub($bm_mul($bm_mul($bm_mul(t = t / d - 1, t), t), t), 1)), b);\n}\nfunction easeAndWizz() {\n    var t, d, sX, eX;\n    var n = 0;\n    if (numKeys > 0) {\n        n = nearestKey(time).index;\n        if (key(n).time > time) {\n            n--;\n        }\n    }\n    try {\n        var key1 = key(n);\n        var key2 = key($bm_sum(n, 1));\n    } catch (e) {\n        return null;\n    }\n    t = $bm_sub(time, key1.time);\n    d = $bm_sub(key2.time, key1.time);\n    sX = key1.time;\n    eX = $bm_sub(key2.time, key1.time);\n    if (time < key1.time || time > key2.time) {\n        return null;\n    } else {\n        return valueAtTime(easeandwizz_outQuart(t, sX, eX, d));\n    }\n}\n$bm_rt = easeAndWizz() || value;"},"a":{"a":0,"k":[42.692,12.692,0],"ix":1},"s":{"a":1,"k":[{"i":{"x":[0.833,0.833,0.833],"y":[0.833,0.833,0.833]},"o":{"x":[0.167,0.167,0.167],"y":[0.167,0.167,0.167]},"t":25,"s":[49.269,49.269,100]},{"t":32,"s":[0,0,100]}],"ix":6}},"ao":0,"shapes":[{"ty":"gr","it":[{"d":1,"ty":"el","s":{"a":0,"k":[7.885,7.885],"ix":2},"p":{"a":0,"k":[0,0],"ix":3},"nm":"Ellipse Path 1","mn":"ADBE Vector Shape - Ellipse","hd":false},{"ty":"fl","c":{"a":0,"k":[0.447058853449,0.447058853449,0.827451040231,1],"ix":4},"o":{"a":0,"k":100,"ix":5},"r":1,"bm":0,"nm":"Fill 1","mn":"ADBE Vector Graphic - Fill","hd":false},{"ty":"tr","p":{"a":0,"k":[42.692,12.692],"ix":2},"a":{"a":0,"k":[0,0],"ix":1},"s":{"a":0,"k":[100,100],"ix":3},"r":{"a":0,"k":0,"ix":6},"o":{"a":0,"k":100,"ix":7},"sk":{"a":0,"k":0,"ix":4},"sa":{"a":0,"k":0,"ix":5},"nm":"Transform"}],"nm":"Ellipse 1","np":3,"cix":2,"bm":0,"ix":1,"mn":"ADBE Vector Group","hd":false}],"ip":0,"op":1920,"st":0,"bm":0},{"ddd":0,"ind":4,"ty":4,"nm":"Circle 5","sr":1,"ks":{"o":{"a":1,"k":[{"i":{"x":[0.833],"y":[0.833]},"o":{"x":[0.167],"y":[0.167]},"t":15,"s":[0]},{"i":{"x":[0.833],"y":[0.833]},"o":{"x":[0.167],"y":[0.167]},"t":16,"s":[100]},{"i":{"x":[0.833],"y":[0.833]},"o":{"x":[0.167],"y":[0.167]},"t":37.5,"s":[100]},{"t":38,"s":[0]}],"ix":11},"r":{"a":0,"k":0,"ix":10},"p":{"a":1,"k":[{"i":{"x":0.833,"y":0.833},"o":{"x":0.167,"y":0.167},"t":16,"s":[37.692,47.692,0],"to":[-3.833,0.667,0],"ti":[3.833,-0.667,0]},{"t":33.5,"s":[14.692,51.692,0]}],"ix":2,"x":"var $bm_rt;\nfunction easeandwizz_outQuart(t, b, c, d) {\n    return $bm_sum($bm_mul($bm_neg(c), $bm_sub($bm_mul($bm_mul($bm_mul(t = t / d - 1, t), t), t), 1)), b);\n}\nfunction easeAndWizz() {\n    var t, d, sX, eX;\n    var n = 0;\n    if (numKeys > 0) {\n        n = nearestKey(time).index;\n        if (key(n).time > time) {\n            n--;\n        }\n    }\n    try {\n        var key1 = key(n);\n        var key2 = key($bm_sum(n, 1));\n    } catch (e) {\n        return null;\n    }\n    t = $bm_sub(time, key1.time);\n    d = $bm_sub(key2.time, key1.time);\n    sX = key1.time;\n    eX = $bm_sub(key2.time, key1.time);\n    if (time < key1.time || time > key2.time) {\n        return null;\n    } else {\n        return valueAtTime(easeandwizz_outQuart(t, sX, eX, d));\n    }\n}\n$bm_rt = easeAndWizz() || value;"},"a":{"a":0,"k":[42.692,12.692,0],"ix":1},"s":{"a":1,"k":[{"i":{"x":[0.833,0.833,0.833],"y":[0.833,0.833,0.833]},"o":{"x":[0.167,0.167,0.167],"y":[0.167,0.167,0.167]},"t":25,"s":[49.269,49.269,100]},{"t":32,"s":[0,0,100]}],"ix":6}},"ao":0,"shapes":[{"ty":"gr","it":[{"d":1,"ty":"el","s":{"a":0,"k":[7.885,7.885],"ix":2},"p":{"a":0,"k":[0,0],"ix":3},"nm":"Ellipse Path 1","mn":"ADBE Vector Shape - Ellipse","hd":false},{"ty":"fl","c":{"a":0,"k":[0.447058853449,0.447058853449,0.827451040231,1],"ix":4},"o":{"a":0,"k":100,"ix":5},"r":1,"bm":0,"nm":"Fill 1","mn":"ADBE Vector Graphic - Fill","hd":false},{"ty":"tr","p":{"a":0,"k":[42.692,12.692],"ix":2},"a":{"a":0,"k":[0,0],"ix":1},"s":{"a":0,"k":[100,100],"ix":3},"r":{"a":0,"k":0,"ix":6},"o":{"a":0,"k":100,"ix":7},"sk":{"a":0,"k":0,"ix":4},"sa":{"a":0,"k":0,"ix":5},"nm":"Transform"}],"nm":"Ellipse 1","np":3,"cix":2,"bm":0,"ix":1,"mn":"ADBE Vector Group","hd":false}],"ip":0,"op":1920,"st":0,"bm":0},{"ddd":0,"ind":5,"ty":4,"nm":"Circle 4","sr":1,"ks":{"o":{"a":1,"k":[{"i":{"x":[0.833],"y":[0.833]},"o":{"x":[0.167],"y":[0.167]},"t":15,"s":[0]},{"i":{"x":[0.833],"y":[0.833]},"o":{"x":[0.167],"y":[0.167]},"t":16,"s":[100]},{"i":{"x":[0.833],"y":[0.833]},"o":{"x":[0.167],"y":[0.167]},"t":37.5,"s":[100]},{"t":38,"s":[0]}],"ix":11},"r":{"a":0,"k":0,"ix":10},"p":{"a":1,"k":[{"i":{"x":0.833,"y":0.833},"o":{"x":0.167,"y":0.167},"t":16,"s":[56.692,71.692,0],"to":[0,5.5,0],"ti":[0,-5.5,0]},{"t":33.5,"s":[56.692,104.692,0]}],"ix":2,"x":"var $bm_rt;\nfunction easeandwizz_outQuart(t, b, c, d) {\n    return $bm_sum($bm_mul($bm_neg(c), $bm_sub($bm_mul($bm_mul($bm_mul(t = t / d - 1, t), t), t), 1)), b);\n}\nfunction easeAndWizz() {\n    var t, d, sX, eX;\n    var n = 0;\n    if (numKeys > 0) {\n        n = nearestKey(time).index;\n        if (key(n).time > time) {\n            n--;\n        }\n    }\n    try {\n        var key1 = key(n);\n        var key2 = key($bm_sum(n, 1));\n    } catch (e) {\n        return null;\n    }\n    t = $bm_sub(time, key1.time);\n    d = $bm_sub(key2.time, key1.time);\n    sX = key1.time;\n    eX = $bm_sub(key2.time, key1.time);\n    if (time < key1.time || time > key2.time) {\n        return null;\n    } else {\n        return valueAtTime(easeandwizz_outQuart(t, sX, eX, d));\n    }\n}\n$bm_rt = easeAndWizz() || value;"},"a":{"a":0,"k":[42.692,12.692,0],"ix":1},"s":{"a":1,"k":[{"i":{"x":[0.833,0.833,0.833],"y":[0.833,0.833,0.833]},"o":{"x":[0.167,0.167,0.167],"y":[0.167,0.167,0.167]},"t":25,"s":[74.635,74.635,100]},{"t":32,"s":[0,0,100]}],"ix":6}},"ao":0,"shapes":[{"ty":"gr","it":[{"d":1,"ty":"el","s":{"a":0,"k":[7.885,7.885],"ix":2},"p":{"a":0,"k":[0,0],"ix":3},"nm":"Ellipse Path 1","mn":"ADBE Vector Shape - Ellipse","hd":false},{"ty":"fl","c":{"a":0,"k":[0.447058853449,0.447058853449,0.827451040231,1],"ix":4},"o":{"a":0,"k":100,"ix":5},"r":1,"bm":0,"nm":"Fill 1","mn":"ADBE Vector Graphic - Fill","hd":false},{"ty":"tr","p":{"a":0,"k":[42.692,12.692],"ix":2},"a":{"a":0,"k":[0,0],"ix":1},"s":{"a":0,"k":[100,100],"ix":3},"r":{"a":0,"k":0,"ix":6},"o":{"a":0,"k":100,"ix":7},"sk":{"a":0,"k":0,"ix":4},"sa":{"a":0,"k":0,"ix":5},"nm":"Transform"}],"nm":"Ellipse 1","np":3,"cix":2,"bm":0,"ix":1,"mn":"ADBE Vector Group","hd":false}],"ip":0,"op":1920,"st":0,"bm":0},{"ddd":0,"ind":6,"ty":4,"nm":"Circle 3","sr":1,"ks":{"o":{"a":1,"k":[{"i":{"x":[0.833],"y":[0.833]},"o":{"x":[0.167],"y":[0.167]},"t":15,"s":[0]},{"i":{"x":[0.833],"y":[0.833]},"o":{"x":[0.167],"y":[0.167]},"t":16,"s":[100]},{"i":{"x":[0.833],"y":[0.833]},"o":{"x":[0.167],"y":[0.167]},"t":37.5,"s":[100]},{"t":38,"s":[0]}],"ix":11},"r":{"a":0,"k":0,"ix":10},"p":{"a":1,"k":[{"i":{"x":0.833,"y":0.833},"o":{"x":0.167,"y":0.167},"t":16,"s":[82.192,63.192,0],"to":[3.917,0,0],"ti":[-3.917,0,0]},{"t":33.5,"s":[105.692,63.192,0]}],"ix":2,"x":"var $bm_rt;\nfunction easeandwizz_outQuart(t, b, c, d) {\n    return $bm_sum($bm_mul($bm_neg(c), $bm_sub($bm_mul($bm_mul($bm_mul(t = t / d - 1, t), t), t), 1)), b);\n}\nfunction easeAndWizz() {\n    var t, d, sX, eX;\n    var n = 0;\n    if (numKeys > 0) {\n        n = nearestKey(time).index;\n        if (key(n).time > time) {\n            n--;\n        }\n    }\n    try {\n        var key1 = key(n);\n        var key2 = key($bm_sum(n, 1));\n    } catch (e) {\n        return null;\n    }\n    t = $bm_sub(time, key1.time);\n    d = $bm_sub(key2.time, key1.time);\n    sX = key1.time;\n    eX = $bm_sub(key2.time, key1.time);\n    if (time < key1.time || time > key2.time) {\n        return null;\n    } else {\n        return valueAtTime(easeandwizz_outQuart(t, sX, eX, d));\n    }\n}\n$bm_rt = easeAndWizz() || value;"},"a":{"a":0,"k":[42.692,12.692,0],"ix":1},"s":{"a":1,"k":[{"i":{"x":[0.833,0.833,0.833],"y":[0.833,0.833,0.833]},"o":{"x":[0.167,0.167,0.167],"y":[0.167,0.167,0.167]},"t":25,"s":[112.683,112.683,100]},{"t":32,"s":[0,0,100]}],"ix":6}},"ao":0,"shapes":[{"ty":"gr","it":[{"d":1,"ty":"el","s":{"a":0,"k":[7.885,7.885],"ix":2},"p":{"a":0,"k":[0,0],"ix":3},"nm":"Ellipse Path 1","mn":"ADBE Vector Shape - Ellipse","hd":false},{"ty":"fl","c":{"a":0,"k":[0.447058853449,0.447058853449,0.827451040231,1],"ix":4},"o":{"a":0,"k":100,"ix":5},"r":1,"bm":0,"nm":"Fill 1","mn":"ADBE Vector Graphic - Fill","hd":false},{"ty":"tr","p":{"a":0,"k":[42.692,12.692],"ix":2},"a":{"a":0,"k":[0,0],"ix":1},"s":{"a":0,"k":[100,100],"ix":3},"r":{"a":0,"k":0,"ix":6},"o":{"a":0,"k":100,"ix":7},"sk":{"a":0,"k":0,"ix":4},"sa":{"a":0,"k":0,"ix":5},"nm":"Transform"}],"nm":"Ellipse 1","np":3,"cix":2,"bm":0,"ix":1,"mn":"ADBE Vector Group","hd":false}],"ip":0,"op":1920,"st":0,"bm":0},{"ddd":0,"ind":7,"ty":4,"nm":"Circle 2","sr":1,"ks":{"o":{"a":1,"k":[{"i":{"x":[0.833],"y":[0.833]},"o":{"x":[0.167],"y":[0.167]},"t":15,"s":[0]},{"i":{"x":[0.833],"y":[0.833]},"o":{"x":[0.167],"y":[0.167]},"t":16,"s":[100]},{"i":{"x":[0.833],"y":[0.833]},"o":{"x":[0.167],"y":[0.167]},"t":37.5,"s":[100]},{"t":38,"s":[0]}],"ix":11},"r":{"a":0,"k":0,"ix":10},"p":{"a":1,"k":[{"i":{"x":0.833,"y":0.833},"o":{"x":0.167,"y":0.167},"t":16,"s":[29.692,76.192,0],"to":[-2.75,2.583,0],"ti":[2.75,-2.583,0]},{"t":33.5,"s":[13.192,91.692,0]}],"ix":2,"x":"var $bm_rt;\nfunction easeandwizz_outQuart(t, b, c, d) {\n    return $bm_sum($bm_mul($bm_neg(c), $bm_sub($bm_mul($bm_mul($bm_mul(t = t / d - 1, t), t), t), 1)), b);\n}\nfunction easeAndWizz() {\n    var t, d, sX, eX;\n    var n = 0;\n    if (numKeys > 0) {\n        n = nearestKey(time).index;\n        if (key(n).time > time) {\n            n--;\n        }\n    }\n    try {\n        var key1 = key(n);\n        var key2 = key($bm_sum(n, 1));\n    } catch (e) {\n        return null;\n    }\n    t = $bm_sub(time, key1.time);\n    d = $bm_sub(key2.time, key1.time);\n    sX = key1.time;\n    eX = $bm_sub(key2.time, key1.time);\n    if (time < key1.time || time > key2.time) {\n        return null;\n    } else {\n        return valueAtTime(easeandwizz_outQuart(t, sX, eX, d));\n    }\n}\n$bm_rt = easeAndWizz() || value;"},"a":{"a":0,"k":[42.692,12.692,0],"ix":1},"s":{"a":1,"k":[{"i":{"x":[0.833,0.833,0.833],"y":[0.833,0.833,0.833]},"o":{"x":[0.167,0.167,0.167],"y":[0.167,0.167,0.167]},"t":25,"s":[74.635,74.635,100]},{"t":32,"s":[0,0,100]}],"ix":6}},"ao":0,"shapes":[{"ty":"gr","it":[{"d":1,"ty":"el","s":{"a":0,"k":[7.885,7.885],"ix":2},"p":{"a":0,"k":[0,0],"ix":3},"nm":"Ellipse Path 1","mn":"ADBE Vector Shape - Ellipse","hd":false},{"ty":"fl","c":{"a":0,"k":[0.447058853449,0.447058853449,0.827451040231,1],"ix":4},"o":{"a":0,"k":100,"ix":5},"r":1,"bm":0,"nm":"Fill 1","mn":"ADBE Vector Graphic - Fill","hd":false},{"ty":"tr","p":{"a":0,"k":[42.692,12.692],"ix":2},"a":{"a":0,"k":[0,0],"ix":1},"s":{"a":0,"k":[100,100],"ix":3},"r":{"a":0,"k":0,"ix":6},"o":{"a":0,"k":100,"ix":7},"sk":{"a":0,"k":0,"ix":4},"sa":{"a":0,"k":0,"ix":5},"nm":"Transform"}],"nm":"Ellipse 1","np":3,"cix":2,"bm":0,"ix":1,"mn":"ADBE Vector Group","hd":false}],"ip":0,"op":1920,"st":0,"bm":0},{"ddd":0,"ind":8,"ty":4,"nm":"Circle 1","sr":1,"ks":{"o":{"a":1,"k":[{"i":{"x":[0.833],"y":[0.833]},"o":{"x":[0.167],"y":[0.167]},"t":15,"s":[0]},{"i":{"x":[0.833],"y":[0.833]},"o":{"x":[0.167],"y":[0.167]},"t":16,"s":[100]},{"i":{"x":[0.833],"y":[0.833]},"o":{"x":[0.167],"y":[0.167]},"t":37.5,"s":[100]},{"t":38,"s":[0]}],"ix":11},"r":{"a":0,"k":0,"ix":10},"p":{"a":1,"k":[{"i":{"x":0.833,"y":0.833},"o":{"x":0.167,"y":0.167},"t":16,"s":[72.692,75.692,0],"to":[3.167,5.667,0],"ti":[-3.167,-5.667,0]},{"t":33.5,"s":[91.692,109.692,0]}],"ix":2,"x":"var $bm_rt;\nfunction easeandwizz_outQuart(t, b, c, d) {\n    return $bm_sum($bm_mul($bm_neg(c), $bm_sub($bm_mul($bm_mul($bm_mul(t = t / d - 1, t), t), t), 1)), b);\n}\nfunction easeAndWizz() {\n    var t, d, sX, eX;\n    var n = 0;\n    if (numKeys > 0) {\n        n = nearestKey(time).index;\n        if (key(n).time > time) {\n            n--;\n        }\n    }\n    try {\n        var key1 = key(n);\n        var key2 = key($bm_sum(n, 1));\n    } catch (e) {\n        return null;\n    }\n    t = $bm_sub(time, key1.time);\n    d = $bm_sub(key2.time, key1.time);\n    sX = key1.time;\n    eX = $bm_sub(key2.time, key1.time);\n    if (time < key1.time || time > key2.time) {\n        return null;\n    } else {\n        return valueAtTime(easeandwizz_outQuart(t, sX, eX, d));\n    }\n}\n$bm_rt = easeAndWizz() || value;"},"a":{"a":0,"k":[42.692,12.692,0],"ix":1},"s":{"a":1,"k":[{"i":{"x":[0.833,0.833,0.833],"y":[0.833,0.833,0.833]},"o":{"x":[0.167,0.167,0.167],"y":[0.167,0.167,0.167]},"t":25,"s":[74.635,74.635,100]},{"t":32,"s":[0,0,100]}],"ix":6}},"ao":0,"shapes":[{"ty":"gr","it":[{"d":1,"ty":"el","s":{"a":0,"k":[7.885,7.885],"ix":2},"p":{"a":0,"k":[0,0],"ix":3},"nm":"Ellipse Path 1","mn":"ADBE Vector Shape - Ellipse","hd":false},{"ty":"fl","c":{"a":0,"k":[0.447058853449,0.447058853449,0.827451040231,1],"ix":4},"o":{"a":0,"k":100,"ix":5},"r":1,"bm":0,"nm":"Fill 1","mn":"ADBE Vector Graphic - Fill","hd":false},{"ty":"tr","p":{"a":0,"k":[42.692,12.692],"ix":2},"a":{"a":0,"k":[0,0],"ix":1},"s":{"a":0,"k":[100,100],"ix":3},"r":{"a":0,"k":0,"ix":6},"o":{"a":0,"k":100,"ix":7},"sk":{"a":0,"k":0,"ix":4},"sa":{"a":0,"k":0,"ix":5},"nm":"Transform"}],"nm":"Ellipse 1","np":3,"cix":2,"bm":0,"ix":1,"mn":"ADBE Vector Group","hd":false}],"ip":0,"op":1920,"st":0,"bm":0},{"ddd":0,"ind":9,"ty":4,"nm":"Banner 3","sr":1,"ks":{"o":{"a":0,"k":100,"ix":11},"r":{"a":0,"k":0,"ix":10},"p":{"a":0,"k":[60,22.5,0],"ix":2},"a":{"a":0,"k":[63.888,34.721,0],"ix":1},"s":{"a":1,"k":[{"i":{"x":[0.833,0.833,0.833],"y":[0.833,0.833,0.833]},"o":{"x":[0.167,0.167,0.167],"y":[0.167,0.167,0.167]},"t":12,"s":[100,100,100]},{"i":{"x":[0.833,0.833,0.833],"y":[0.833,0.833,0.833]},"o":{"x":[0.167,0.167,0.167],"y":[0.167,0.167,0.167]},"t":18.046,"s":[107,107,100]},{"t":21.5,"s":[100,100,100]}],"ix":6,"x":"var $bm_rt;\nfunction easeandwizz_outQuart(t, b, c, d) {\n    return $bm_sum($bm_mul($bm_neg(c), $bm_sub($bm_mul($bm_mul($bm_mul(t = t / d - 1, t), t), t), 1)), b);\n}\nfunction easeAndWizz() {\n    var t, d, sX, eX;\n    var n = 0;\n    if (numKeys > 0) {\n        n = nearestKey(time).index;\n        if (key(n).time > time) {\n            n--;\n        }\n    }\n    try {\n        var key1 = key(n);\n        var key2 = key($bm_sum(n, 1));\n    } catch (e) {\n        return null;\n    }\n    t = $bm_sub(time, key1.time);\n    d = $bm_sub(key2.time, key1.time);\n    sX = key1.time;\n    eX = $bm_sub(key2.time, key1.time);\n    if (time < key1.time || time > key2.time) {\n        return null;\n    } else {\n        return valueAtTime(easeandwizz_outQuart(t, sX, eX, d));\n    }\n}\n$bm_rt = easeAndWizz() || value;"}},"ao":0,"hasMask":true,"masksProperties":[{"inv":false,"mode":"a","pt":{"a":1,"k":[{"i":{"x":0.833,"y":0.833},"o":{"x":0.167,"y":0.167},"t":5,"s":[{"i":[[20.596,0],[0,-24.784],[-20.596,0],[0,24.784]],"o":[[-20.596,0],[0,24.784],[20.596,0],[0,-24.784]],"v":[[63.513,-60.529],[26.221,-15.654],[63.513,29.221],[100.804,-15.654]],"c":true}]},{"t":21,"s":[{"i":[[26.619,0],[0,-32.033],[-26.619,0],[0,32.033]],"o":[[-26.619,0],[0,32.033],[26.619,0],[0,-32.033]],"v":[[65.295,13.721],[17.097,71.721],[65.295,129.721],[113.494,71.721]],"c":true}]}],"ix":1,"x":"var $bm_rt;\nfunction easeandwizz_outQuart(t, b, c, d) {\n    return $bm_sum($bm_mul($bm_neg(c), $bm_sub($bm_mul($bm_mul($bm_mul(t = t / d - 1, t), t), t), 1)), b);\n}\nfunction easeAndWizz() {\n    var t, d, sX, eX;\n    var n = 0;\n    if (numKeys > 0) {\n        n = nearestKey(time).index;\n        if (key(n).time > time) {\n            n--;\n        }\n    }\n    try {\n        var key1 = key(n);\n        var key2 = key($bm_sum(n, 1));\n    } catch (e) {\n        return null;\n    }\n    t = $bm_sub(time, key1.time);\n    d = $bm_sub(key2.time, key1.time);\n    sX = key1.time;\n    eX = $bm_sub(key2.time, key1.time);\n    if (time < key1.time || time > key2.time) {\n        return null;\n    } else {\n        return valueAtTime(easeandwizz_outQuart(t, sX, eX, d));\n    }\n}\n$bm_rt = easeAndWizz() || value;"},"o":{"a":0,"k":100,"ix":3},"x":{"a":0,"k":0,"ix":4},"nm":"Mask 1"}],"shapes":[{"ty":"gr","it":[{"ind":0,"ty":"sh","ix":1,"ks":{"a":0,"k":{"i":[[0,0],[0,0],[0,0],[0,0],[-4.603,0],[0,0],[0,-4.602]],"o":[[0,0],[0,0],[0,0],[0,-4.602],[0,0],[4.603,0],[0,0]],"v":[[29.167,37.5],[-0.001,16.667],[-29.167,37.5],[-29.167,-29.167],[-20.833,-37.5],[20.833,-37.5],[29.167,-29.167]],"c":true},"ix":2},"nm":"Path 1","mn":"ADBE Vector Shape - Group","hd":false},{"ty":"st","c":{"a":0,"k":[0.444117676978,0.454901960784,0.801960784314,1],"ix":3},"o":{"a":0,"k":100,"ix":4},"w":{"a":0,"k":8.333,"ix":5},"lc":2,"lj":2,"bm":0,"nm":"Stroke 1","mn":"ADBE Vector Graphic - Stroke","hd":false},{"ty":"fl","c":{"a":0,"k":[0.446522821165,0.446522821165,0.827297794118,1],"ix":4},"o":{"a":0,"k":100,"ix":5},"r":1,"bm":0,"nm":"Fill 1","mn":"ADBE Vector Graphic - Fill","hd":false},{"ty":"tr","p":{"a":0,"k":[63.888,72.221],"ix":2},"a":{"a":0,"k":[0,0],"ix":1},"s":{"a":0,"k":[100,100],"ix":3},"r":{"a":0,"k":0,"ix":6},"o":{"a":0,"k":100,"ix":7},"sk":{"a":0,"k":0,"ix":4},"sa":{"a":0,"k":0,"ix":5},"nm":"Transform"}],"nm":"Group 1","np":3,"cix":2,"bm":0,"ix":1,"mn":"ADBE Vector Group","hd":false}],"ip":0,"op":1920,"st":0,"bm":0},{"ddd":0,"ind":10,"ty":4,"nm":"Banner 2","sr":1,"ks":{"o":{"a":0,"k":100,"ix":11},"r":{"a":0,"k":0,"ix":10},"p":{"a":0,"k":[60,22.5,0],"ix":2},"a":{"a":0,"k":[63.888,34.721,0],"ix":1},"s":{"a":0,"k":[100,100,100],"ix":6}},"ao":0,"hasMask":true,"masksProperties":[{"inv":false,"mode":"a","pt":{"a":1,"k":[{"i":{"x":0.833,"y":0.833},"o":{"x":0.167,"y":0.167},"t":3,"s":[{"i":[[20.596,0],[0,-24.784],[-20.596,0],[0,24.784]],"o":[[-20.596,0],[0,24.784],[20.596,0],[0,-24.784]],"v":[[63.513,-60.529],[26.221,-15.654],[63.513,29.221],[100.804,-15.654]],"c":true}]},{"t":19,"s":[{"i":[[26.619,0],[0,-32.033],[-26.619,0],[0,32.033]],"o":[[-26.619,0],[0,32.033],[26.619,0],[0,-32.033]],"v":[[65.295,13.721],[17.097,71.721],[65.295,129.721],[113.494,71.721]],"c":true}]}],"ix":1,"x":"var $bm_rt;\nfunction easeandwizz_outQuart(t, b, c, d) {\n    return $bm_sum($bm_mul($bm_neg(c), $bm_sub($bm_mul($bm_mul($bm_mul(t = t / d - 1, t), t), t), 1)), b);\n}\nfunction easeAndWizz() {\n    var t, d, sX, eX;\n    var n = 0;\n    if (numKeys > 0) {\n        n = nearestKey(time).index;\n        if (key(n).time > time) {\n            n--;\n        }\n    }\n    try {\n        var key1 = key(n);\n        var key2 = key($bm_sum(n, 1));\n    } catch (e) {\n        return null;\n    }\n    t = $bm_sub(time, key1.time);\n    d = $bm_sub(key2.time, key1.time);\n    sX = key1.time;\n    eX = $bm_sub(key2.time, key1.time);\n    if (time < key1.time || time > key2.time) {\n        return null;\n    } else {\n        return valueAtTime(easeandwizz_outQuart(t, sX, eX, d));\n    }\n}\n$bm_rt = easeAndWizz() || value;"},"o":{"a":0,"k":100,"ix":3},"x":{"a":0,"k":0,"ix":4},"nm":"Mask 1"}],"shapes":[{"ty":"gr","it":[{"ind":0,"ty":"sh","ix":1,"ks":{"a":0,"k":{"i":[[0,0],[0,0],[0,0],[0,0],[-4.603,0],[0,0],[0,-4.602]],"o":[[0,0],[0,0],[0,0],[0,-4.602],[0,0],[4.603,0],[0,0]],"v":[[29.167,37.5],[-0.001,16.667],[-29.167,37.5],[-29.167,-29.167],[-20.833,-37.5],[20.833,-37.5],[29.167,-29.167]],"c":true},"ix":2},"nm":"Path 1","mn":"ADBE Vector Shape - Group","hd":false},{"ty":"st","c":{"a":0,"k":[0.395999983245,0.395999983245,0.757000014361,1],"ix":3},"o":{"a":0,"k":100,"ix":4},"w":{"a":0,"k":8.333,"ix":5},"lc":2,"lj":2,"bm":0,"nm":"Stroke 1","mn":"ADBE Vector Graphic - Stroke","hd":false},{"ty":"fl","c":{"a":0,"k":[0.395999983245,0.395999983245,0.757000014361,1],"ix":4},"o":{"a":0,"k":100,"ix":5},"r":1,"bm":0,"nm":"Fill 1","mn":"ADBE Vector Graphic - Fill","hd":false},{"ty":"tr","p":{"a":0,"k":[63.888,72.221],"ix":2},"a":{"a":0,"k":[0,0],"ix":1},"s":{"a":0,"k":[100,100],"ix":3},"r":{"a":0,"k":0,"ix":6},"o":{"a":0,"k":100,"ix":7},"sk":{"a":0,"k":0,"ix":4},"sa":{"a":0,"k":0,"ix":5},"nm":"Transform"}],"nm":"Group 1","np":3,"cix":2,"bm":0,"ix":1,"mn":"ADBE Vector Group","hd":false}],"ip":0,"op":1920,"st":0,"bm":0},{"ddd":0,"ind":11,"ty":4,"nm":"Banner 1","sr":1,"ks":{"o":{"a":0,"k":100,"ix":11},"r":{"a":0,"k":0,"ix":10},"p":{"a":0,"k":[60,22.5,0],"ix":2},"a":{"a":0,"k":[63.888,34.721,0],"ix":1},"s":{"a":0,"k":[100,100,100],"ix":6}},"ao":0,"hasMask":true,"masksProperties":[{"inv":false,"mode":"a","pt":{"a":1,"k":[{"i":{"x":0.833,"y":0.833},"o":{"x":0.167,"y":0.167},"t":0,"s":[{"i":[[20.596,0],[0,-24.784],[-20.596,0],[0,24.784]],"o":[[-20.596,0],[0,24.784],[20.596,0],[0,-24.784]],"v":[[63.513,-60.529],[26.221,-15.654],[63.513,29.221],[100.804,-15.654]],"c":true}]},{"t":16,"s":[{"i":[[26.619,0],[0,-32.033],[-26.619,0],[0,32.033]],"o":[[-26.619,0],[0,32.033],[26.619,0],[0,-32.033]],"v":[[65.295,13.721],[17.097,71.721],[65.295,129.721],[113.494,71.721]],"c":true}]}],"ix":1,"x":"var $bm_rt;\nfunction easeandwizz_outQuart(t, b, c, d) {\n    return $bm_sum($bm_mul($bm_neg(c), $bm_sub($bm_mul($bm_mul($bm_mul(t = t / d - 1, t), t), t), 1)), b);\n}\nfunction easeAndWizz() {\n    var t, d, sX, eX;\n    var n = 0;\n    if (numKeys > 0) {\n        n = nearestKey(time).index;\n        if (key(n).time > time) {\n            n--;\n        }\n    }\n    try {\n        var key1 = key(n);\n        var key2 = key($bm_sum(n, 1));\n    } catch (e) {\n        return null;\n    }\n    t = $bm_sub(time, key1.time);\n    d = $bm_sub(key2.time, key1.time);\n    sX = key1.time;\n    eX = $bm_sub(key2.time, key1.time);\n    if (time < key1.time || time > key2.time) {\n        return null;\n    } else {\n        return valueAtTime(easeandwizz_outQuart(t, sX, eX, d));\n    }\n}\n$bm_rt = easeAndWizz() || value;"},"o":{"a":0,"k":100,"ix":3},"x":{"a":0,"k":0,"ix":4},"nm":"Mask 1"}],"shapes":[{"ty":"gr","it":[{"ind":0,"ty":"sh","ix":1,"ks":{"a":0,"k":{"i":[[0,0],[0,0],[0,0],[0,0],[-4.603,0],[0,0],[0,-4.602]],"o":[[0,0],[0,0],[0,0],[0,-4.602],[0,0],[4.603,0],[0,0]],"v":[[29.167,37.5],[-0.001,16.667],[-29.167,37.5],[-29.167,-29.167],[-20.833,-37.5],[20.833,-37.5],[29.167,-29.167]],"c":true},"ix":2},"nm":"Path 1","mn":"ADBE Vector Shape - Group","hd":false},{"ty":"st","c":{"a":0,"k":[0.372549019608,0.380392156863,0.675490196078,1],"ix":3},"o":{"a":0,"k":100,"ix":4},"w":{"a":0,"k":8.333,"ix":5},"lc":2,"lj":2,"bm":0,"nm":"Stroke 1","mn":"ADBE Vector Graphic - Stroke","hd":false},{"ty":"fl","c":{"a":0,"k":[0.374279366288,0.374279366288,0.696691176471,1],"ix":4},"o":{"a":0,"k":100,"ix":5},"r":1,"bm":0,"nm":"Fill 1","mn":"ADBE Vector Graphic - Fill","hd":false},{"ty":"tr","p":{"a":0,"k":[63.888,72.221],"ix":2},"a":{"a":0,"k":[0,0],"ix":1},"s":{"a":0,"k":[100,100],"ix":3},"r":{"a":0,"k":0,"ix":6},"o":{"a":0,"k":100,"ix":7},"sk":{"a":0,"k":0,"ix":4},"sa":{"a":0,"k":0,"ix":5},"nm":"Transform"}],"nm":"Group 1","np":3,"cix":2,"bm":0,"ix":1,"mn":"ADBE Vector Group","hd":false}],"ip":0,"op":1920,"st":0,"bm":0},{"ddd":0,"ind":12,"ty":4,"nm":"Outline","sr":1,"ks":{"o":{"a":0,"k":100,"ix":11},"r":{"a":0,"k":0,"ix":10},"p":{"a":0,"k":[60.001,60,0],"ix":2},"a":{"a":0,"k":[63.888,72.221,0],"ix":1},"s":{"a":0,"k":[100,100,100],"ix":6}},"ao":0,"shapes":[{"ty":"gr","it":[{"ind":0,"ty":"sh","ix":1,"ks":{"a":0,"k":{"i":[[0,0],[0,0],[0,0],[0,0],[-4.603,0],[0,0],[0,-4.602]],"o":[[0,0],[0,0],[0,0],[0,-4.602],[0,0],[4.603,0],[0,0]],"v":[[29.167,37.5],[-0.001,16.667],[-29.167,37.5],[-29.167,-29.167],[-20.833,-37.5],[20.833,-37.5],[29.167,-29.167]],"c":true},"ix":2},"nm":"Path","mn":"ADBE Vector Shape - Group","hd":false},{"ty":"st","c":{"a":0,"k":[0.394426345825,0.359876394272,0.456311285496,1],"ix":3},"o":{"a":0,"k":100,"ix":4},"w":{"a":0,"k":8.333,"ix":5},"lc":2,"lj":2,"bm":0,"nm":"Stroke","mn":"ADBE Vector Graphic - Stroke","hd":false},{"ty":"tr","p":{"a":0,"k":[63.888,72.221],"ix":2},"a":{"a":0,"k":[0,0],"ix":1},"s":{"a":0,"k":[100,100],"ix":3},"r":{"a":0,"k":0,"ix":6},"o":{"a":0,"k":100,"ix":7},"sk":{"a":0,"k":0,"ix":4},"sa":{"a":0,"k":0,"ix":5},"nm":"Transform"}],"nm":"Group 1","np":2,"cix":2,"bm":0,"ix":1,"mn":"ADBE Vector Group","hd":false}],"ip":0,"op":1920,"st":0,"bm":0}],"markers":[]}