{"v":"5.5.5","fr":100,"ip":0,"op":192,"w":480,"h":480,"nm":"Update","ddd":0,"assets":[],"layers":[{"ddd":0,"ind":1,"ty":3,"nm":"Null 22","sr":1,"ks":{"o":{"a":0,"k":0,"ix":11},"r":{"a":0,"k":0,"ix":10},"p":{"a":0,"k":[240,240,0],"ix":2},"a":{"a":0,"k":[0,0,0],"ix":1},"s":{"a":0,"k":[30,30,100],"ix":6}},"ao":0,"ip":0,"op":192,"st":0,"bm":0},{"ddd":0,"ind":2,"ty":4,"nm":"Update Outlines","parent":1,"sr":1,"ks":{"o":{"a":0,"k":100,"ix":11},"r":{"a":1,"k":[{"i":{"x":[0],"y":[1]},"o":{"x":[0.333],"y":[0]},"t":0,"s":[0]},{"i":{"x":[0],"y":[1]},"o":{"x":[0.333],"y":[0]},"t":66,"s":[90]},{"i":{"x":[0],"y":[1]},"o":{"x":[0.333],"y":[0]},"t":117,"s":[-380]},{"i":{"x":[0],"y":[1]},"o":{"x":[0.333],"y":[0]},"t":129,"s":[-350]},{"i":{"x":[0],"y":[1]},"o":{"x":[0.333],"y":[0]},"t":141,"s":[-362]},{"t":150,"s":[-360]}],"ix":10},"p":{"a":0,"k":[0,0,0],"ix":2},"a":{"a":0,"k":[12,12,0],"ix":1},"s":{"a":1,"k":[{"i":{"x":[0,0,0.667],"y":[1,1,1]},"o":{"x":[0.333,0.333,0.333],"y":[0,0,0]},"t":0,"s":[2000,2000,100]},{"i":{"x":[0,0,0.667],"y":[1,1,1]},"o":{"x":[0.333,0.333,0.333],"y":[0,0,0]},"t":66,"s":[1650,1650,100]},{"t":150,"s":[2000,2000,100]}],"ix":6}},"ao":0,"shapes":[{"ty":"gr","it":[{"ind":0,"ty":"sh","ix":1,"ks":{"a":0,"k":{"i":[[1.015,-0.751],[0,0],[-0.034,-0.102],[0.262,-0.086],[0,0],[0.049,-0.001],[0.008,0.276],[0,0],[-0.062,0.088],[-0.226,-0.158],[0,0],[-1.976,0],[0,-4.418],[4.418,0],[0,4.418],[0,0],[-3.314,0],[0,3.314],[3.314,0]],"o":[[0,0],[0.088,0.062],[0.086,0.262],[0,0],[-0.046,0.015],[-0.276,0.008],[0,0],[-0.003,-0.107],[0.158,-0.226],[0,0],[1.436,-1.259],[4.418,0],[0,4.418],[-4.418,0],[0,0],[0,3.314],[3.314,0],[0,-3.314],[-1.311,0]],"v":[[-3.567,-4.826],[-2.592,-4.143],[-2.404,-3.89],[-2.722,-3.259],[-6.109,-2.142],[-6.252,-2.117],[-6.766,-2.603],[-6.864,-6.16],[-6.774,-6.461],[-6.077,-6.583],[-5.271,-6.019],[0,-8],[8,0],[0,8],[-8,0],[-6,0],[0,6],[6,0],[0,-6]],"c":true},"ix":2},"nm":"Path 1","mn":"ADBE Vector Shape - Group","hd":false},{"ty":"fl","c":{"a":0,"k":[0.5647058823529412,0.07450980392156863,0.996078431372549,1],"ix":4},"o":{"a":0,"k":100,"ix":5},"r":1,"bm":0,"nm":"Fill 1","mn":"ADBE Vector Graphic - Fill","hd":false},{"ty":"tr","p":{"a":0,"k":[12,12],"ix":2},"a":{"a":0,"k":[0,0],"ix":1},"s":{"a":0,"k":[100,100],"ix":3},"r":{"a":0,"k":0,"ix":6},"o":{"a":0,"k":100,"ix":7},"sk":{"a":0,"k":0,"ix":4},"sa":{"a":0,"k":0,"ix":5},"nm":"Transform"}],"nm":"Group 1","np":2,"cix":2,"bm":0,"ix":1,"mn":"ADBE Vector Group","hd":false}],"ip":0,"op":192,"st":0,"bm":0},{"ddd":0,"ind":4,"ty":4,"nm":"Other#1 Outlines 3","ln":"1","sr":1,"ks":{"o":{"a":1,"k":[{"i":{"x":[0],"y":[1]},"o":{"x":[0.333],"y":[0]},"t":0,"s":[40]},{"t":85,"s":[0]}],"ix":11},"r":{"a":0,"k":0,"ix":10},"p":{"a":0,"k":[240,240,0],"ix":2},"a":{"a":0,"k":[12,12,0],"ix":1},"s":{"a":1,"k":[{"i":{"x":[0,0,0.667],"y":[1,1,1]},"o":{"x":[0.333,0.333,0.333],"y":[0,0,0]},"t":0,"s":[600,600,100]},{"t":85,"s":[5299.9,5299.9,100]}],"ix":6}},"ao":0,"shapes":[{"ty":"gr","it":[{"ind":0,"ty":"sh","ix":1,"ks":{"a":0,"k":{"i":[[-1.105,0],[0,1.105],[1.105,0],[0,-1.105]],"o":[[1.105,0],[0,-1.105],[-1.105,0],[0,1.105]],"v":[[0,2],[2,0],[0,-2],[-2,0]],"c":true},"ix":2},"nm":"Path 1","mn":"ADBE Vector Shape - Group","hd":false},{"ty":"fl","c":{"a":0,"k":[0,0,0,1],"ix":4},"o":{"a":0,"k":100,"ix":5},"r":1,"bm":0,"nm":"Fill 1","mn":"ADBE Vector Graphic - Fill","hd":false},{"ty":"tr","p":{"a":0,"k":[12,12],"ix":2},"a":{"a":0,"k":[0,0],"ix":1},"s":{"a":0,"k":[100,100],"ix":3},"r":{"a":0,"k":0,"ix":6},"o":{"a":0,"k":100,"ix":7},"sk":{"a":0,"k":0,"ix":4},"sa":{"a":0,"k":0,"ix":5},"nm":"Transform"}],"nm":"Group 2","np":2,"cix":2,"bm":0,"ix":1,"mn":"ADBE Vector Group","hd":false}],"ip":1,"op":192,"st":0,"bm":0}],"markers":[]}