{"v":"5.1.1","fr":60,"ip":0,"op":180,"w":256,"h":256,"nm":"Snow_night","ddd":0,"assets":[],"layers":[{"ddd":0,"ind":1,"ty":4,"nm":"cloud","sr":1,"ks":{"o":{"a":0,"k":100,"ix":11},"r":{"a":0,"k":0,"ix":10},"p":{"a":1,"k":[{"i":{"x":0.833,"y":0.833},"o":{"x":0.167,"y":0.167},"n":"0p833_0p833_0p167_0p167","t":0,"s":[102.3,117.9,0],"e":[104.3,117.9,0],"to":[0.33333334326744,0,0],"ti":[0,0,0]},{"i":{"x":0.833,"y":0.833},"o":{"x":0.167,"y":0.167},"n":"0p833_0p833_0p167_0p167","t":45,"s":[104.3,117.9,0],"e":[102.3,117.9,0],"to":[0,0,0],"ti":[0.66666668653488,0,0]},{"i":{"x":0.833,"y":0.833},"o":{"x":0.167,"y":0.167},"n":"0p833_0p833_0p167_0p167","t":90,"s":[102.3,117.9,0],"e":[100.3,117.9,0],"to":[-0.66666668653488,0,0],"ti":[5.08626328610262e-7,0,0]},{"i":{"x":0.833,"y":0.833},"o":{"x":0.167,"y":0.167},"n":"0p833_0p833_0p167_0p167","t":135,"s":[100.3,117.9,0],"e":[102.3,117.9,0],"to":[-5.08626328610262e-7,0,0],"ti":[-0.33333283662796,0,0]},{"t":180}],"ix":2},"a":{"a":0,"k":[86.3,52.4,0],"ix":1},"s":{"a":0,"k":[100,100,100],"ix":6}},"ao":0,"shapes":[{"ty":"gr","it":[{"ind":0,"ty":"sh","ix":1,"ks":{"a":0,"k":{"i":[[0,0],[0,0],[0,20.3],[-20.6,0],[-5.2,-2.7],[-23.3,0],[0,-28.9],[0,-0.6],[0,-10.2],[15.1,0],[0,0],[0,0],[0,0]],"o":[[0,0],[-20.6,0],[0,-20.3],[6.2,0],[7.2,-20.6],[29.4,0],[0,0.6],[8.6,4.5],[0,14.9],[0,0],[-0.2,-0.1],[0,0],[0,0]],"v":[[104.4,104.7],[37.4,104.7],[0,67.9],[37.4,31.1],[54.7,35.3],[105,0],[158.2,52.4],[158.2,54.2],[172.6,77.9],[145.3,104.8],[105.1,104.8],[104.4,104.7],[105,104.7]],"c":true},"ix":2},"nm":"Path 1","mn":"ADBE Vector Shape - Group","hd":false},{"ty":"fl","c":{"a":0,"k":[0.909803986549,0.909803986549,0.909803986549,1],"ix":4},"o":{"a":0,"k":100,"ix":5},"r":1,"nm":"Fill 1","mn":"ADBE Vector Graphic - Fill","hd":false},{"ty":"tr","p":{"a":0,"k":[0,0],"ix":2},"a":{"a":0,"k":[0,0],"ix":1},"s":{"a":0,"k":[100,100],"ix":3},"r":{"a":0,"k":0,"ix":6},"o":{"a":0,"k":100,"ix":7},"sk":{"a":0,"k":0,"ix":4},"sa":{"a":0,"k":0,"ix":5},"nm":"Transform"}],"nm":"Group 1","np":2,"cix":2,"ix":1,"mn":"ADBE Vector Group","hd":false}],"ip":0,"op":180,"st":0,"bm":0},{"ddd":0,"ind":2,"ty":4,"nm":"moon","sr":1,"ks":{"o":{"a":0,"k":100,"ix":11},"r":{"a":0,"k":0,"ix":10},"p":{"a":0,"k":[176.75,76.5,0],"ix":2},"a":{"a":0,"k":[63.15,62.5,0],"ix":1},"s":{"a":0,"k":[100,100,100],"ix":6}},"ao":0,"shapes":[{"ty":"gr","it":[{"ind":0,"ty":"sh","ix":1,"ks":{"a":0,"k":{"i":[[-28.2,6.4],[0,-8.3],[-29.6,0],[-8.3,5.3],[32.7,0],[0,34.9]],"o":[[-3.4,7],[0,29.6],[10.6,0],[-3.4,31.7],[-35,0],[0.1,-30.2]],"v":[[49.3,0],[44,23.2],[97.6,76.8],[126.3,68.5],[63.3,125],[0,61.8]],"c":true},"ix":2},"nm":"Path 1","mn":"ADBE Vector Shape - Group","hd":false},{"ty":"fl","c":{"a":0,"k":[1,0.788235008717,0.188234999776,1],"ix":4},"o":{"a":0,"k":100,"ix":5},"r":1,"nm":"Fill 1","mn":"ADBE Vector Graphic - Fill","hd":false},{"ty":"tr","p":{"a":0,"k":[0,0],"ix":2},"a":{"a":0,"k":[0,0],"ix":1},"s":{"a":0,"k":[100,100],"ix":3},"r":{"a":0,"k":0,"ix":6},"o":{"a":0,"k":100,"ix":7},"sk":{"a":0,"k":0,"ix":4},"sa":{"a":0,"k":0,"ix":5},"nm":"Transform"}],"nm":"Group 1","np":2,"cix":2,"ix":1,"mn":"ADBE Vector Group","hd":false}],"ip":0,"op":180,"st":0,"bm":0},{"ddd":0,"ind":3,"ty":4,"nm":"snow_7","sr":1,"ks":{"o":{"a":1,"k":[{"i":{"x":[0.833],"y":[0.833]},"o":{"x":[0.167],"y":[0.167]},"n":["0p833_0p833_0p167_0p167"],"t":100,"s":[0],"e":[100]},{"i":{"x":[0.833],"y":[0.833]},"o":{"x":[0.167],"y":[0.167]},"n":["0p833_0p833_0p167_0p167"],"t":112,"s":[100],"e":[100]},{"i":{"x":[0.833],"y":[0.833]},"o":{"x":[0.167],"y":[0.167]},"n":["0p833_0p833_0p167_0p167"],"t":158,"s":[100],"e":[0]},{"t":174}],"ix":11},"r":{"a":0,"k":0,"ix":10},"p":{"a":1,"k":[{"i":{"x":0.833,"y":0.833},"o":{"x":0.167,"y":0.167},"n":"0p833_0p833_0p167_0p167","t":84,"s":[65.2,179.078,0],"e":[95.2,179.078,0],"to":[5,0,0],"ti":[0,0,0]},{"i":{"x":0.833,"y":0.833},"o":{"x":0.167,"y":0.167},"n":"0p833_0p833_0p167_0p167","t":100,"s":[95.2,179.078,0],"e":[85.5,210.922,0],"to":[-5.74280548095703,7.61869812011719,0],"ti":[-1,-14,0]},{"i":{"x":0.833,"y":0.833},"o":{"x":0.167,"y":0.167},"n":"0p833_0p833_0p167_0p167","t":142.539,"s":[85.5,210.922,0],"e":[103.5,268.422,0],"to":[1.69349670410156,23.7093048095703,0],"ti":[8,-18.5,0]},{"t":220}],"ix":2},"a":{"a":0,"k":[13,14.5,0],"ix":1},"s":{"a":0,"k":[70,70,100],"ix":6}},"ao":1,"shapes":[{"ty":"gr","it":[{"ind":0,"ty":"sh","ix":1,"ks":{"a":0,"k":{"i":[[0,0],[0.74,1.26],[0,0],[1.27,-0.73],[0,0],[0.21,0.11],[0,0.24],[0,0],[1.47,0],[0,0],[0,-1.46],[0,0],[0.21,-0.12],[0.2,0.11],[0,0],[0.73,-1.24],[0,0],[-1.27,-0.73],[0,0],[0,-0.24],[0.21,-0.11],[0,0],[-0.74,-1.26],[0,0],[-1.27,0.73],[0,0],[-0.21,-0.11],[0,-0.24],[0,0],[-1.47,0],[0,0],[0,1.46],[0,0],[-0.21,0.12],[-0.2,-0.11],[0,0],[-0.73,1.24],[0,0],[1.27,0.73],[0,0],[0,0.24],[-0.21,0.11]],"o":[[1.27,-0.73],[0,0],[-0.73,-1.26],[0,0],[-0.21,0.11],[-0.2,-0.12],[0,0],[0,-1.46],[0,0],[-1.46,0],[0,0],[0,0.24],[-0.2,0.11],[0,0],[-1.26,-0.71],[0,0],[-0.74,1.26],[0,0],[0.21,0.11],[0,0.24],[0,0],[-1.27,0.73],[0,0],[0.73,1.26],[0,0],[0.21,-0.11],[0.2,0.12],[0,0],[0,1.46],[0,0],[1.46,0],[0,0],[0,-0.24],[0.2,-0.11],[0,0],[1.26,0.71],[0,0],[0.74,-1.26],[0,0],[-0.21,-0.11],[0,-0.24],[0,0]],"v":[[24.67,10.85],[25.64,7.25],[25.64,7.25],[22.02,6.29],[16.64,9.37],[15.97,9.37],[15.64,8.79],[15.64,2.64],[12.98,0],[12.98,0],[10.33,2.64],[10.33,8.79],[9.99,9.37],[9.33,9.37],[3.95,6.29],[0.36,7.25],[0.36,7.25],[1.33,10.85],[6.7,13.93],[7.04,14.5],[6.7,15.07],[1.33,18.15],[0.36,21.75],[0.36,21.75],[3.98,22.71],[9.36,19.63],[10.03,19.63],[10.36,20.21],[10.36,26.36],[13.02,29],[13.02,29],[15.67,26.36],[15.67,20.21],[16.01,19.63],[16.67,19.63],[22.05,22.71],[25.64,21.75],[25.64,21.75],[24.67,18.15],[19.3,15.07],[18.96,14.5],[19.3,13.93]],"c":true},"ix":2},"nm":"Path 1","mn":"ADBE Vector Shape - Group","hd":false},{"ty":"fl","c":{"a":0,"k":[0.678430974483,0.909803986549,1,1],"ix":4},"o":{"a":0,"k":100,"ix":5},"r":1,"nm":"Fill 1","mn":"ADBE Vector Graphic - Fill","hd":false},{"ty":"tr","p":{"a":0,"k":[0,0],"ix":2},"a":{"a":0,"k":[0,0],"ix":1},"s":{"a":0,"k":[100,100],"ix":3},"r":{"a":0,"k":0,"ix":6},"o":{"a":0,"k":100,"ix":7},"sk":{"a":0,"k":0,"ix":4},"sa":{"a":0,"k":0,"ix":5},"nm":"Transform"}],"nm":"Group 1","np":2,"cix":2,"ix":1,"mn":"ADBE Vector Group","hd":false}],"ip":100,"op":280,"st":100,"bm":0},{"ddd":0,"ind":4,"ty":4,"nm":"snow_6","sr":1,"ks":{"o":{"a":1,"k":[{"i":{"x":[0.833],"y":[0.833]},"o":{"x":[0.167],"y":[0.167]},"n":["0p833_0p833_0p167_0p167"],"t":84,"s":[0],"e":[100]},{"i":{"x":[0.833],"y":[0.833]},"o":{"x":[0.167],"y":[0.167]},"n":["0p833_0p833_0p167_0p167"],"t":94,"s":[100],"e":[100]},{"i":{"x":[0.833],"y":[0.833]},"o":{"x":[0.167],"y":[0.167]},"n":["0p833_0p833_0p167_0p167"],"t":144,"s":[100],"e":[0]},{"t":164}],"ix":11},"r":{"a":0,"k":0,"ix":10},"p":{"a":1,"k":[{"i":{"x":0.833,"y":0.833},"o":{"x":0.167,"y":0.167},"n":"0p833_0p833_0p167_0p167","t":84,"s":[24.4,168.828,0],"e":[45.785,196.527,0],"to":[-5.74281311035156,7.61869812011719,0],"ti":[0,-10.8471984863281,0]},{"i":{"x":0.833,"y":0.833},"o":{"x":0.167,"y":0.167},"n":"0p833_0p833_0p167_0p167","t":123.416,"s":[45.785,196.527,0],"e":[62.45,241.434,0],"to":[0,16.2707061767578,0],"ti":[2.76429748535156,-14.3727111816406,0]},{"i":{"x":0.833,"y":0.833},"o":{"x":0.167,"y":0.167},"n":"0p833_0p833_0p167_0p167","t":175.152,"s":[62.45,241.434,0],"e":[48.703,264.172,0],"to":[-1.84280395507812,9.58189392089844,0],"ti":[7.32199096679688,-5.57670593261719,0]},{"t":204}],"ix":2},"a":{"a":0,"k":[10,11,0],"ix":1},"s":{"a":0,"k":[70,70,100],"ix":6}},"ao":1,"shapes":[{"ty":"gr","it":[{"ty":"st","c":{"a":0,"k":[1,1,1,1],"ix":3},"o":{"a":0,"k":100,"ix":4},"w":{"a":0,"k":2,"ix":5},"lc":1,"lj":1,"ml":4,"nm":"Stroke 1","mn":"ADBE Vector Graphic - Stroke","hd":false},{"ty":"fl","c":{"a":0,"k":[0.67843095368,0.909803981407,1,1],"ix":4},"o":{"a":0,"k":100,"ix":5},"r":1,"nm":"Fill 1","mn":"ADBE Vector Graphic - Fill","hd":false},{"ty":"tr","p":{"a":0,"k":[0,0],"ix":2},"a":{"a":0,"k":[0,0],"ix":1},"s":{"a":0,"k":[100,100],"ix":3},"r":{"a":0,"k":0,"ix":6},"o":{"a":0,"k":100,"ix":7},"sk":{"a":0,"k":0,"ix":4},"sa":{"a":0,"k":0,"ix":5},"nm":"Transform"}],"nm":"Shape 1","np":2,"cix":2,"ix":1,"mn":"ADBE Vector Group","hd":false},{"ty":"gr","it":[{"ind":0,"ty":"sh","ix":1,"ks":{"a":0,"k":{"i":[[0,0],[0.56,0.96],[0,0],[0.98,-0.55],[0,0],[0.16,0.09],[0,0.18],[0,0],[1.13,0],[0,0],[0,-1.1],[0,0],[0.16,-0.09],[0.15,0.08],[0,0],[0.57,-0.94],[0,0],[-0.98,-0.55],[0,0],[0,-0.18],[0.16,-0.09],[0,0],[-0.56,-0.96],[0,0],[-0.98,0.55],[0,-0.01],[-0.16,-0.09],[0,-0.18],[0,0],[-1.13,0],[0,0],[0,1.1],[0,0],[-0.16,0.09],[-0.15,-0.09],[0,0],[-0.57,0.94],[0,0],[0.98,0.55],[0,0],[0,0.18],[-0.16,0.09]],"o":[[0.98,-0.55],[0,0],[-0.57,-0.95],[0,0],[-0.16,0.08],[-0.16,-0.09],[0,0],[0,-1.1],[0,0],[-1.13,0],[0,0],[0,0.18],[-0.16,0.09],[0,0],[-0.97,-0.53],[0,0],[-0.56,0.96],[0,0],[0.16,0.08],[0,0.18],[0,0],[-0.98,0.55],[0,0],[0.57,0.95],[0,0],[0.16,-0.09],[0.16,0.09],[0,0],[0,1.1],[0,0],[1.13,0],[0,0],[0,-0.18],[0.16,-0.09],[0,-0.01],[0.97,0.53],[0,0],[0.56,-0.96],[0,0],[-0.16,-0.08],[0,-0.18],[0,0]],"v":[[18.98,8.23],[19.73,5.5],[19.73,5.5],[16.93,4.77],[12.8,7.11],[12.29,7.1],[12.03,6.67],[12.03,2],[9.99,0],[9.99,0],[7.94,2],[7.94,6.67],[7.69,7.1],[7.18,7.11],[3.04,4.77],[0.27,5.5],[0.27,5.5],[1.02,8.23],[5.16,10.57],[5.42,11],[5.16,11.44],[1.02,13.77],[0.27,16.5],[0.27,16.5],[3.07,17.23],[7.2,14.9],[7.71,14.9],[7.97,15.33],[7.97,20],[10.01,22],[10.01,22],[12.06,20],[12.06,15.33],[12.31,14.9],[12.82,14.9],[16.96,17.23],[19.73,16.5],[19.73,16.5],[18.98,13.77],[14.84,11.43],[14.58,11],[14.84,10.56]],"c":true},"ix":2},"nm":"Path 1","mn":"ADBE Vector Shape - Group","hd":false},{"ty":"fl","c":{"a":0,"k":[0.678430974483,0.909803986549,1,1],"ix":4},"o":{"a":0,"k":100,"ix":5},"r":1,"nm":"Fill 1","mn":"ADBE Vector Graphic - Fill","hd":false},{"ty":"tr","p":{"a":0,"k":[0,0],"ix":2},"a":{"a":0,"k":[0,0],"ix":1},"s":{"a":0,"k":[100,100],"ix":3},"r":{"a":0,"k":0,"ix":6},"o":{"a":0,"k":100,"ix":7},"sk":{"a":0,"k":0,"ix":4},"sa":{"a":0,"k":0,"ix":5},"nm":"Transform"}],"nm":"Group 1","np":2,"cix":2,"ix":2,"mn":"ADBE Vector Group","hd":false}],"ip":84,"op":264,"st":84,"bm":0},{"ddd":0,"ind":5,"ty":4,"nm":"snow_1","sr":1,"ks":{"o":{"a":1,"k":[{"i":{"x":[0.833],"y":[0.833]},"o":{"x":[0.167],"y":[0.167]},"n":["0p833_0p833_0p167_0p167"],"t":0,"s":[0],"e":[100]},{"i":{"x":[0.833],"y":[0.833]},"o":{"x":[0.167],"y":[0.167]},"n":["0p833_0p833_0p167_0p167"],"t":10,"s":[100],"e":[100]},{"i":{"x":[0.833],"y":[0.833]},"o":{"x":[0.167],"y":[0.167]},"n":["0p833_0p833_0p167_0p167"],"t":60,"s":[100],"e":[0]},{"t":80}],"ix":11},"r":{"a":0,"k":0,"ix":10},"p":{"a":1,"k":[{"i":{"x":0.833,"y":0.833},"o":{"x":0.167,"y":0.167},"n":"0p833_0p833_0p167_0p167","t":0,"s":[24.4,168.828,0],"e":[45.785,196.527,0],"to":[-5.74281311035156,7.61869812011719,0],"ti":[0,-10.8471984863281,0]},{"i":{"x":0.833,"y":0.833},"o":{"x":0.167,"y":0.167},"n":"0p833_0p833_0p167_0p167","t":39.416,"s":[45.785,196.527,0],"e":[62.45,241.434,0],"to":[0,16.2707061767578,0],"ti":[2.76429748535156,-14.3727111816406,0]},{"i":{"x":0.833,"y":0.833},"o":{"x":0.167,"y":0.167},"n":"0p833_0p833_0p167_0p167","t":91.152,"s":[62.45,241.434,0],"e":[48.703,264.172,0],"to":[-1.84280395507812,9.58189392089844,0],"ti":[7.32199096679688,-5.57670593261719,0]},{"t":120}],"ix":2},"a":{"a":0,"k":[10,11,0],"ix":1},"s":{"a":0,"k":[100,100,100],"ix":6}},"ao":1,"shapes":[{"ty":"gr","it":[{"ty":"st","c":{"a":0,"k":[1,1,1,1],"ix":3},"o":{"a":0,"k":100,"ix":4},"w":{"a":0,"k":2,"ix":5},"lc":1,"lj":1,"ml":4,"nm":"Stroke 1","mn":"ADBE Vector Graphic - Stroke","hd":false},{"ty":"fl","c":{"a":0,"k":[0.67843095368,0.909803981407,1,1],"ix":4},"o":{"a":0,"k":100,"ix":5},"r":1,"nm":"Fill 1","mn":"ADBE Vector Graphic - Fill","hd":false},{"ty":"tr","p":{"a":0,"k":[0,0],"ix":2},"a":{"a":0,"k":[0,0],"ix":1},"s":{"a":0,"k":[100,100],"ix":3},"r":{"a":0,"k":0,"ix":6},"o":{"a":0,"k":100,"ix":7},"sk":{"a":0,"k":0,"ix":4},"sa":{"a":0,"k":0,"ix":5},"nm":"Transform"}],"nm":"Shape 1","np":2,"cix":2,"ix":1,"mn":"ADBE Vector Group","hd":false},{"ty":"gr","it":[{"ind":0,"ty":"sh","ix":1,"ks":{"a":0,"k":{"i":[[0,0],[0.56,0.96],[0,0],[0.98,-0.55],[0,0],[0.16,0.09],[0,0.18],[0,0],[1.13,0],[0,0],[0,-1.1],[0,0],[0.16,-0.09],[0.15,0.08],[0,0],[0.57,-0.94],[0,0],[-0.98,-0.55],[0,0],[0,-0.18],[0.16,-0.09],[0,0],[-0.56,-0.96],[0,0],[-0.98,0.55],[0,-0.01],[-0.16,-0.09],[0,-0.18],[0,0],[-1.13,0],[0,0],[0,1.1],[0,0],[-0.16,0.09],[-0.15,-0.09],[0,0],[-0.57,0.94],[0,0],[0.98,0.55],[0,0],[0,0.18],[-0.16,0.09]],"o":[[0.98,-0.55],[0,0],[-0.57,-0.95],[0,0],[-0.16,0.08],[-0.16,-0.09],[0,0],[0,-1.1],[0,0],[-1.13,0],[0,0],[0,0.18],[-0.16,0.09],[0,0],[-0.97,-0.53],[0,0],[-0.56,0.96],[0,0],[0.16,0.08],[0,0.18],[0,0],[-0.98,0.55],[0,0],[0.57,0.95],[0,0],[0.16,-0.09],[0.16,0.09],[0,0],[0,1.1],[0,0],[1.13,0],[0,0],[0,-0.18],[0.16,-0.09],[0,-0.01],[0.97,0.53],[0,0],[0.56,-0.96],[0,0],[-0.16,-0.08],[0,-0.18],[0,0]],"v":[[18.98,8.23],[19.73,5.5],[19.73,5.5],[16.93,4.77],[12.8,7.11],[12.29,7.1],[12.03,6.67],[12.03,2],[9.99,0],[9.99,0],[7.94,2],[7.94,6.67],[7.69,7.1],[7.18,7.11],[3.04,4.77],[0.27,5.5],[0.27,5.5],[1.02,8.23],[5.16,10.57],[5.42,11],[5.16,11.44],[1.02,13.77],[0.27,16.5],[0.27,16.5],[3.07,17.23],[7.2,14.9],[7.71,14.9],[7.97,15.33],[7.97,20],[10.01,22],[10.01,22],[12.06,20],[12.06,15.33],[12.31,14.9],[12.82,14.9],[16.96,17.23],[19.73,16.5],[19.73,16.5],[18.98,13.77],[14.84,11.43],[14.58,11],[14.84,10.56]],"c":true},"ix":2},"nm":"Path 1","mn":"ADBE Vector Shape - Group","hd":false},{"ty":"fl","c":{"a":0,"k":[0.678430974483,0.909803986549,1,1],"ix":4},"o":{"a":0,"k":100,"ix":5},"r":1,"nm":"Fill 1","mn":"ADBE Vector Graphic - Fill","hd":false},{"ty":"tr","p":{"a":0,"k":[0,0],"ix":2},"a":{"a":0,"k":[0,0],"ix":1},"s":{"a":0,"k":[100,100],"ix":3},"r":{"a":0,"k":0,"ix":6},"o":{"a":0,"k":100,"ix":7},"sk":{"a":0,"k":0,"ix":4},"sa":{"a":0,"k":0,"ix":5},"nm":"Transform"}],"nm":"Group 1","np":2,"cix":2,"ix":2,"mn":"ADBE Vector Group","hd":false}],"ip":0,"op":180,"st":0,"bm":0},{"ddd":0,"ind":6,"ty":4,"nm":"snow_2","sr":1,"ks":{"o":{"a":1,"k":[{"i":{"x":[0.833],"y":[0.833]},"o":{"x":[0.167],"y":[0.167]},"n":["0p833_0p833_0p167_0p167"],"t":16,"s":[0],"e":[100]},{"i":{"x":[0.833],"y":[0.833]},"o":{"x":[0.167],"y":[0.167]},"n":["0p833_0p833_0p167_0p167"],"t":28,"s":[100],"e":[100]},{"i":{"x":[0.833],"y":[0.833]},"o":{"x":[0.167],"y":[0.167]},"n":["0p833_0p833_0p167_0p167"],"t":74,"s":[100],"e":[0]},{"t":90}],"ix":11},"r":{"a":0,"k":0,"ix":10},"p":{"a":1,"k":[{"i":{"x":0.833,"y":0.833},"o":{"x":0.167,"y":0.167},"n":"0p833_0p833_0p167_0p167","t":0,"s":[65.2,179.078,0],"e":[95.2,179.078,0],"to":[5,0,0],"ti":[0,0,0]},{"i":{"x":0.833,"y":0.833},"o":{"x":0.167,"y":0.167},"n":"0p833_0p833_0p167_0p167","t":16,"s":[95.2,179.078,0],"e":[85.5,210.922,0],"to":[-5.74280548095703,7.61869812011719,0],"ti":[-1,-14,0]},{"i":{"x":0.833,"y":0.833},"o":{"x":0.167,"y":0.167},"n":"0p833_0p833_0p167_0p167","t":58.539,"s":[85.5,210.922,0],"e":[103.5,268.422,0],"to":[1.69349670410156,23.7093048095703,0],"ti":[8,-18.5,0]},{"t":136}],"ix":2},"a":{"a":0,"k":[13,14.5,0],"ix":1},"s":{"a":0,"k":[100,100,100],"ix":6}},"ao":1,"shapes":[{"ty":"gr","it":[{"ind":0,"ty":"sh","ix":1,"ks":{"a":0,"k":{"i":[[0,0],[0.74,1.26],[0,0],[1.27,-0.73],[0,0],[0.21,0.11],[0,0.24],[0,0],[1.47,0],[0,0],[0,-1.46],[0,0],[0.21,-0.12],[0.2,0.11],[0,0],[0.73,-1.24],[0,0],[-1.27,-0.73],[0,0],[0,-0.24],[0.21,-0.11],[0,0],[-0.74,-1.26],[0,0],[-1.27,0.73],[0,0],[-0.21,-0.11],[0,-0.24],[0,0],[-1.47,0],[0,0],[0,1.46],[0,0],[-0.21,0.12],[-0.2,-0.11],[0,0],[-0.73,1.24],[0,0],[1.27,0.73],[0,0],[0,0.24],[-0.21,0.11]],"o":[[1.27,-0.73],[0,0],[-0.73,-1.26],[0,0],[-0.21,0.11],[-0.2,-0.12],[0,0],[0,-1.46],[0,0],[-1.46,0],[0,0],[0,0.24],[-0.2,0.11],[0,0],[-1.26,-0.71],[0,0],[-0.74,1.26],[0,0],[0.21,0.11],[0,0.24],[0,0],[-1.27,0.73],[0,0],[0.73,1.26],[0,0],[0.21,-0.11],[0.2,0.12],[0,0],[0,1.46],[0,0],[1.46,0],[0,0],[0,-0.24],[0.2,-0.11],[0,0],[1.26,0.71],[0,0],[0.74,-1.26],[0,0],[-0.21,-0.11],[0,-0.24],[0,0]],"v":[[24.67,10.85],[25.64,7.25],[25.64,7.25],[22.02,6.29],[16.64,9.37],[15.97,9.37],[15.64,8.79],[15.64,2.64],[12.98,0],[12.98,0],[10.33,2.64],[10.33,8.79],[9.99,9.37],[9.33,9.37],[3.95,6.29],[0.36,7.25],[0.36,7.25],[1.33,10.85],[6.7,13.93],[7.04,14.5],[6.7,15.07],[1.33,18.15],[0.36,21.75],[0.36,21.75],[3.98,22.71],[9.36,19.63],[10.03,19.63],[10.36,20.21],[10.36,26.36],[13.02,29],[13.02,29],[15.67,26.36],[15.67,20.21],[16.01,19.63],[16.67,19.63],[22.05,22.71],[25.64,21.75],[25.64,21.75],[24.67,18.15],[19.3,15.07],[18.96,14.5],[19.3,13.93]],"c":true},"ix":2},"nm":"Path 1","mn":"ADBE Vector Shape - Group","hd":false},{"ty":"fl","c":{"a":0,"k":[0.678430974483,0.909803986549,1,1],"ix":4},"o":{"a":0,"k":100,"ix":5},"r":1,"nm":"Fill 1","mn":"ADBE Vector Graphic - Fill","hd":false},{"ty":"tr","p":{"a":0,"k":[0,0],"ix":2},"a":{"a":0,"k":[0,0],"ix":1},"s":{"a":0,"k":[100,100],"ix":3},"r":{"a":0,"k":0,"ix":6},"o":{"a":0,"k":100,"ix":7},"sk":{"a":0,"k":0,"ix":4},"sa":{"a":0,"k":0,"ix":5},"nm":"Transform"}],"nm":"Group 1","np":2,"cix":2,"ix":1,"mn":"ADBE Vector Group","hd":false}],"ip":16,"op":196,"st":16,"bm":0},{"ddd":0,"ind":7,"ty":4,"nm":"snow_3","sr":1,"ks":{"o":{"a":1,"k":[{"i":{"x":[0.833],"y":[0.833]},"o":{"x":[0.167],"y":[0.167]},"n":["0p833_0p833_0p167_0p167"],"t":60,"s":[0],"e":[100]},{"i":{"x":[0.833],"y":[0.833]},"o":{"x":[0.167],"y":[0.167]},"n":["0p833_0p833_0p167_0p167"],"t":68,"s":[100],"e":[100]},{"i":{"x":[0.833],"y":[0.833]},"o":{"x":[0.167],"y":[0.167]},"n":["0p833_0p833_0p167_0p167"],"t":134,"s":[100],"e":[0]},{"t":142}],"ix":11},"r":{"a":0,"k":0,"ix":10},"p":{"a":1,"k":[{"i":{"x":0.833,"y":0.833},"o":{"x":0.167,"y":0.167},"n":"0p833_0p833_0p167_0p167","t":0,"s":[111.9,181.828,0],"e":[141.9,181.828,0],"to":[5,0,0],"ti":[0,0,0]},{"i":{"x":0.833,"y":0.833},"o":{"x":0.167,"y":0.167},"n":"0p833_0p833_0p167_0p167","t":60,"s":[141.9,181.828,0],"e":[133.285,209.527,0],"to":[-5.7427978515625,7.61869812011719,0],"ti":[0,-10.8471984863281,0]},{"i":{"x":0.833,"y":0.833},"o":{"x":0.167,"y":0.167},"n":"0p833_0p833_0p167_0p167","t":93.586,"s":[133.285,209.527,0],"e":[149.95,254.434,0],"to":[0,16.2706909179688,0],"ti":[2.76429748535156,-14.3727111816406,0]},{"i":{"x":0.833,"y":0.833},"o":{"x":0.167,"y":0.167},"n":"0p833_0p833_0p167_0p167","t":149.066,"s":[149.95,254.434,0],"e":[136.203,277.172,0],"to":[-1.84280395507812,9.58187866210938,0],"ti":[7.32199859619141,-5.57669067382812,0]},{"t":180}],"ix":2},"a":{"a":0,"k":[7,7.5,0],"ix":1},"s":{"a":0,"k":[100,100,100],"ix":6}},"ao":1,"shapes":[{"ty":"gr","it":[{"ind":0,"ty":"sh","ix":1,"ks":{"a":0,"k":{"i":[[0,0],[0.39,0.65],[0,0],[0.69,-0.37],[0,0],[0.11,0.07],[0,0.12],[0,0],[0.79,0],[0,0],[0,-0.75],[0,0],[0.11,-0.06],[0.11,0.07],[0,0],[0.4,-0.64],[0,0],[-0.68,-0.38],[0,0],[0,-0.12],[0.11,-0.06],[0,0],[-0.39,-0.65],[0,0],[-0.69,0.37],[0,0],[-0.11,-0.07],[0,-0.12],[0,0],[-0.79,0],[0,0],[0,0.75],[0,0],[-0.11,0.06],[-0.11,-0.07],[0,0],[-0.4,0.64],[0,0],[0.68,0.38],[0,0],[0,0.12],[-0.11,0.06]],"o":[[0.68,-0.38],[0,0],[-0.4,-0.65],[0,0],[-0.11,0.07],[-0.11,-0.06],[0,0],[0,-0.75],[0,0],[-0.79,0],[0,0],[0,0.12],[-0.11,0.07],[0,0],[-0.68,-0.36],[0,0],[-0.39,0.65],[0,0],[0.11,0.06],[0,0.12],[0,0],[-0.68,0.38],[0,0],[0.4,0.65],[0,0],[0.11,-0.07],[0.11,0.06],[0,0],[0,0.75],[0,0],[0.79,0],[0,0],[0,-0.12],[0.11,-0.07],[0,0],[0.68,0.36],[0,0],[0.39,-0.65],[0,0],[-0.11,-0.06],[0,-0.12],[0,0]],"v":[[13.29,5.61],[13.81,3.75],[13.81,3.75],[11.85,3.25],[8.96,4.84],[8.6,4.84],[8.42,4.55],[8.42,1.36],[6.99,0],[6.99,0],[5.56,1.36],[5.56,4.55],[5.38,4.84],[5.02,4.84],[2.13,3.25],[0.19,3.75],[0.19,3.75],[0.71,5.61],[3.61,7.2],[3.79,7.5],[3.61,7.8],[0.71,9.39],[0.19,11.25],[0.19,11.25],[2.15,11.75],[5.04,10.16],[5.4,10.16],[5.58,10.45],[5.58,13.64],[7.01,15],[7.01,15],[8.44,13.64],[8.44,10.45],[8.62,10.16],[8.98,10.16],[11.87,11.75],[13.81,11.25],[13.81,11.25],[13.29,9.39],[10.39,7.8],[10.21,7.5],[10.39,7.2]],"c":true},"ix":2},"nm":"Path 1","mn":"ADBE Vector Shape - Group","hd":false},{"ty":"fl","c":{"a":0,"k":[0.678430974483,0.909803986549,1,1],"ix":4},"o":{"a":0,"k":100,"ix":5},"r":1,"nm":"Fill 1","mn":"ADBE Vector Graphic - Fill","hd":false},{"ty":"tr","p":{"a":0,"k":[0,0],"ix":2},"a":{"a":0,"k":[0,0],"ix":1},"s":{"a":0,"k":[100,100],"ix":3},"r":{"a":0,"k":0,"ix":6},"o":{"a":0,"k":100,"ix":7},"sk":{"a":0,"k":0,"ix":4},"sa":{"a":0,"k":0,"ix":5},"nm":"Transform"}],"nm":"Group 1","np":2,"cix":2,"ix":1,"mn":"ADBE Vector Group","hd":false}],"ip":60,"op":240,"st":60,"bm":0},{"ddd":0,"ind":8,"ty":4,"nm":"snow_4","sr":1,"ks":{"o":{"a":1,"k":[{"i":{"x":[0.833],"y":[0.833]},"o":{"x":[0.167],"y":[0.167]},"n":["0p833_0p833_0p167_0p167"],"t":0,"s":[0],"e":[100]},{"i":{"x":[0.833],"y":[0.833]},"o":{"x":[0.167],"y":[0.167]},"n":["0p833_0p833_0p167_0p167"],"t":10,"s":[100],"e":[100]},{"i":{"x":[0.833],"y":[0.833]},"o":{"x":[0.167],"y":[0.167]},"n":["0p833_0p833_0p167_0p167"],"t":45,"s":[100],"e":[0]},{"t":52}],"ix":11},"r":{"a":0,"k":0,"ix":10},"p":{"a":1,"k":[{"i":{"x":0.833,"y":0.833},"o":{"x":0.167,"y":0.167},"n":"0p833_0p833_0p167_0p167","t":0,"s":[128.4,203.828,0],"e":[149.785,231.527,0],"to":[-5.7427978515625,7.61869812011719,0],"ti":[0,-10.8471984863281,0]},{"i":{"x":0.833,"y":0.833},"o":{"x":0.167,"y":0.167},"n":"0p833_0p833_0p167_0p167","t":39.416,"s":[149.785,231.527,0],"e":[166.45,276.434,0],"to":[0,16.2706909179688,0],"ti":[2.76429748535156,-14.3727111816406,0]},{"i":{"x":0.833,"y":0.833},"o":{"x":0.167,"y":0.167},"n":"0p833_0p833_0p167_0p167","t":91.152,"s":[166.45,276.434,0],"e":[152.703,299.172,0],"to":[-1.84280395507812,9.58187866210938,0],"ti":[7.32199859619141,-5.57669067382812,0]},{"t":120}],"ix":2},"a":{"a":0,"k":[6,6.5,0],"ix":1},"s":{"a":0,"k":[100,100,100],"ix":6}},"ao":1,"shapes":[{"ty":"gr","it":[{"ind":0,"ty":"sh","ix":1,"ks":{"a":0,"k":{"i":[[0,0],[0.33,0.56],[0,0],[0.59,-0.33],[0,0],[0.1,0.05],[0,0.11],[0,0],[0.68,0],[0,0],[0,-0.65],[0,0],[0.1,-0.05],[0.09,0.05],[0,0],[0.34,-0.56],[0,0],[-0.58,-0.32],[0,0],[0,-0.11],[0.1,-0.06],[0,0],[-0.33,-0.56],[0,0],[-0.59,0.33],[0,0],[-0.1,-0.05],[0,-0.11],[0,0],[-0.68,0],[0,0],[0,0.65],[0,0],[-0.1,0.05],[-0.09,-0.05],[0,0],[-0.34,0.56],[0,0],[0.58,0.32],[0,0],[0,0.11],[-0.1,0.06]],"o":[[0.58,-0.32],[0,0],[-0.34,-0.56],[0,0],[-0.1,0.05],[-0.09,-0.05],[0,0],[0,-0.65],[0,0],[-0.68,0],[0,0],[0,0.11],[-0.09,0.05],[0,0],[-0.58,-0.32],[0,0],[-0.33,0.56],[0,0],[0.1,0.06],[0,0.11],[0,0],[-0.58,0.32],[0,0],[0.34,0.56],[0,0],[0.1,-0.05],[0.09,0.05],[0,0],[0,0.65],[0,0],[0.68,0],[0,0],[0,-0.11],[0.09,-0.05],[0,0],[0.58,0.32],[0,0],[0.33,-0.56],[0,0],[-0.1,-0.06],[0,-0.11],[0,0]],"v":[[11.39,4.86],[11.84,3.25],[11.84,3.25],[10.16,2.82],[7.68,4.2],[7.37,4.2],[7.22,3.94],[7.22,1.18],[5.99,0],[5.99,0],[4.77,1.18],[4.77,3.94],[4.61,4.2],[4.31,4.2],[1.82,2.82],[0.16,3.25],[0.16,3.25],[0.61,4.86],[3.09,6.24],[3.25,6.5],[3.09,6.76],[0.61,8.14],[0.16,9.75],[0.16,9.75],[1.84,10.18],[4.32,8.8],[4.63,8.8],[4.78,9.06],[4.78,11.82],[6.01,13],[6.01,13],[7.23,11.82],[7.23,9.06],[7.39,8.8],[7.69,8.8],[10.18,10.18],[11.84,9.75],[11.84,9.75],[11.39,8.14],[8.91,6.76],[8.75,6.5],[8.91,6.24]],"c":true},"ix":2},"nm":"Path 1","mn":"ADBE Vector Shape - Group","hd":false},{"ty":"fl","c":{"a":0,"k":[0.678430974483,0.909803986549,1,1],"ix":4},"o":{"a":0,"k":100,"ix":5},"r":1,"nm":"Fill 1","mn":"ADBE Vector Graphic - Fill","hd":false},{"ty":"tr","p":{"a":0,"k":[0,0],"ix":2},"a":{"a":0,"k":[0,0],"ix":1},"s":{"a":0,"k":[100,100],"ix":3},"r":{"a":0,"k":0,"ix":6},"o":{"a":0,"k":100,"ix":7},"sk":{"a":0,"k":0,"ix":4},"sa":{"a":0,"k":0,"ix":5},"nm":"Transform"}],"nm":"Group 1","np":2,"cix":2,"ix":1,"mn":"ADBE Vector Group","hd":false}],"ip":0,"op":180,"st":0,"bm":0},{"ddd":0,"ind":9,"ty":4,"nm":"snow_5","sr":1,"ks":{"o":{"a":1,"k":[{"i":{"x":[0.833],"y":[0.833]},"o":{"x":[0.167],"y":[0.167]},"n":["0p833_0p833_0p167_0p167"],"t":37,"s":[0],"e":[100]},{"i":{"x":[0.833],"y":[0.833]},"o":{"x":[0.167],"y":[0.167]},"n":["0p833_0p833_0p167_0p167"],"t":46,"s":[100],"e":[100]},{"i":{"x":[0.833],"y":[0.833]},"o":{"x":[0.167],"y":[0.167]},"n":["0p833_0p833_0p167_0p167"],"t":100,"s":[100],"e":[0]},{"t":111}],"ix":11},"r":{"a":0,"k":0,"ix":10},"p":{"a":1,"k":[{"i":{"x":0.833,"y":0.833},"o":{"x":0.167,"y":0.167},"n":"0p833_0p833_0p167_0p167","t":0,"s":[127.9,187.828,0],"e":[157.9,187.828,0],"to":[5,0,0],"ti":[0,0,0]},{"i":{"x":0.833,"y":0.833},"o":{"x":0.167,"y":0.167},"n":"0p833_0p833_0p167_0p167","t":37,"s":[157.9,187.828,0],"e":[149.285,215.527,0],"to":[-5.7427978515625,7.61869812011719,0],"ti":[0,-10.8471984863281,0]},{"i":{"x":0.833,"y":0.833},"o":{"x":0.167,"y":0.167},"n":"0p833_0p833_0p167_0p167","t":70.867,"s":[149.285,215.527,0],"e":[165.95,260.434,0],"to":[0,16.2706909179688,0],"ti":[2.76429748535156,-14.3727111816406,0]},{"i":{"x":0.833,"y":0.833},"o":{"x":0.167,"y":0.167},"n":"0p833_0p833_0p167_0p167","t":126.809,"s":[165.95,260.434,0],"e":[152.203,283.172,0],"to":[-1.84280395507812,9.58187866210938,0],"ti":[7.32199859619141,-5.57669067382812,0]},{"t":158}],"ix":2},"a":{"a":0,"k":[10,11.5,0],"ix":1},"s":{"a":0,"k":[100,100,100],"ix":6}},"ao":1,"shapes":[{"ty":"gr","it":[{"ind":0,"ty":"sh","ix":1,"ks":{"a":0,"k":{"i":[[0,0],[0.56,1],[0,0],[0.98,-0.58],[0,0],[0.16,0.09],[0,0.19],[0,0],[1.13,0],[0,0],[0,-1.15],[0,0],[0.16,-0.1],[0.15,0.09],[0,0],[0.57,-0.98],[0,0],[-0.98,-0.57],[0,0],[0,-0.19],[0.16,-0.09],[0,0],[-0.56,-1],[0,0],[-0.98,0.58],[0,0],[-0.16,-0.09],[0,-0.19],[0,0],[-1.13,0],[0,0],[0,1.15],[0,0],[-0.16,0.1],[-0.15,-0.09],[0,0],[-0.57,0.98],[0,0],[0.98,0.57],[0,0],[0,0.19],[-0.16,0.09]],"o":[[0.98,-0.57],[0,0],[-0.57,-1],[0,0],[-0.16,0.09],[-0.16,-0.1],[0,0],[0,-1.15],[0,0],[-1.13,0],[0,0],[0,0.19],[-0.16,0.09],[0,0],[-0.97,-0.56],[0,0],[-0.56,1],[0,0],[0.16,0.09],[0,0.19],[0,0],[-0.98,0.57],[0,0],[0.57,1],[0,0],[0.16,-0.09],[0.16,0.1],[0,0],[0,1.15],[0,0],[1.13,0],[0,0],[0,-0.19],[0.16,-0.09],[0,0],[0.97,0.56],[0,0],[0.56,-1],[0,0],[-0.16,-0.09],[0,-0.19],[0,0]],"v":[[18.98,8.6],[19.73,5.75],[19.73,5.75],[16.93,4.99],[12.8,7.43],[12.29,7.43],[12.03,6.97],[12.03,2.09],[9.99,0],[9.99,0],[7.94,2.09],[7.94,6.97],[7.69,7.43],[7.18,7.43],[3.04,4.99],[0.27,5.75],[0.27,5.75],[1.02,8.6],[5.16,11.05],[5.42,11.5],[5.16,11.95],[1.02,14.4],[0.27,17.25],[0.27,17.25],[3.07,18.01],[7.2,15.57],[7.71,15.57],[7.97,16.03],[7.97,20.91],[10.01,23],[10.01,23],[12.06,20.91],[12.06,16.03],[12.31,15.57],[12.82,15.57],[16.96,18.01],[19.73,17.25],[19.73,17.25],[18.98,14.4],[14.84,11.95],[14.58,11.5],[14.84,11.05]],"c":true},"ix":2},"nm":"Path 1","mn":"ADBE Vector Shape - Group","hd":false},{"ty":"fl","c":{"a":0,"k":[0.678430974483,0.909803986549,1,1],"ix":4},"o":{"a":0,"k":100,"ix":5},"r":1,"nm":"Fill 1","mn":"ADBE Vector Graphic - Fill","hd":false},{"ty":"tr","p":{"a":0,"k":[0,0],"ix":2},"a":{"a":0,"k":[0,0],"ix":1},"s":{"a":0,"k":[100,100],"ix":3},"r":{"a":0,"k":0,"ix":6},"o":{"a":0,"k":100,"ix":7},"sk":{"a":0,"k":0,"ix":4},"sa":{"a":0,"k":0,"ix":5},"nm":"Transform"}],"nm":"Group 1","np":2,"cix":2,"ix":1,"mn":"ADBE Vector Group","hd":false}],"ip":37,"op":173,"st":-7,"bm":0}],"markers":[]}